{
  "delta_1458_10_None_f=42_b=1_bt=qcut_r=L2": [
    0.21592497825622559
  ],
  "auc_1458_10_None_f=42_b=1_bt=qcut_r=L2": [
    53.39199322689888
  ],
  "delta_1458_10_L2_None_f=42_b=1_bt=qcut_r=L2": [
    0.0999298095703125
  ],
  "auc_1458_10_L2_None_f=42_b=1_bt=qcut_r=L2": [
    53.76330430575713
  ],
  "delta_1458_10_L2+_None_f=42_b=1_bt=qcut_r=L2+": [
    0.1301732063293457
  ],
  "auc_1458_10_L2+_None_f=42_b=1_bt=qcut_r=L2+": [
    53.96528785679728
  ],
  "delta_3358_10_None_f=42_b=1_bt=qcut_r=L2": [
    0.22666597366333008
  ],
  "auc_3358_10_None_f=42_b=1_bt=qcut_r=L2": [
    53.39199322689888
  ],
  "delta_3358_10_L2_None_f=42_b=1_bt=qcut_r=L2": [
    0.09936404228210449
  ],
  "auc_3358_10_L2_None_f=42_b=1_bt=qcut_r=L2": [
    53.76330430575713
  ],
  "delta_3358_10_L2+_None_f=42_b=1_bt=qcut_r=L2+": [
    0.1213991641998291
  ],
  "auc_3358_10_L2+_None_f=42_b=1_bt=qcut_r=L2+": [
    53.96528785679728
  ],
  "delta_3386_10_None_f=42_b=1_bt=qcut_r=L2": [
    0.254993200302124
  ],
  "auc_3386_10_None_f=42_b=1_bt=qcut_r=L2": [
    51.184083212385104
  ],
  "delta_3386_10_L2_None_f=42_b=1_bt=qcut_r=L2": [
    0.13167905807495117
  ],
  "auc_3386_10_L2_None_f=42_b=1_bt=qcut_r=L2": [
    51.14296081277213
  ],
  "delta_3386_10_L2+_None_f=42_b=1_bt=qcut_r=L2+": [
    0.12687897682189941
  ],
  "auc_3386_10_L2+_None_f=42_b=1_bt=qcut_r=L2+": [
    51.826318335752305
  ]
}