{
  "delta_3476_None_1_None_f=43_b=1_bt=qcut_r=L2": [
    0.035923004150390625,
    0.02343606948852539,
    0.02525019645690918,
    0.03764033317565918,
    0.02704310417175293
  ],
  "auc_3476_None_1_None_f=43_b=1_bt=qcut_r=L2": [
    50.089285714285715,
    47.24462365591398,
    55.89442815249267,
    58.2991202346041,
    47.44047619047619
  ],
  "delta_3476_10_L2_1_None_f=43_b=1_bt=qcut_r=L2": [
    0.01479792594909668,
    0.01653289794921875,
    0.016227006912231445,
    0.015916824340820312,
    0.017635107040405273
  ],
  "auc_3476_10_L2_1_None_f=43_b=1_bt=qcut_r=L2": [
    50.26785714285715,
    49.05913978494624,
    52.49266862170088,
    56.18768328445748,
    41.25
  ],
  "delta_3476_10_L2+_1_None_f=43_b=1_bt=qcut_r=L2+": [
    0.01918315887451172,
    0.01903223991394043,
    0.016587018966674805,
    0.01508784294128418,
    0.018385887145996094
  ],
  "auc_3476_10_L2+_1_None_f=43_b=1_bt=qcut_r=L2+": [
    48.42261904761905,
    48.723118279569896,
    54.545454545454554,
    56.774193548387096,
    45.833333333333336
  ],
  "delta_3476_2_L2_1_None_f=43_b=1_bt=qcut_r=L2": [
    0.02132415771484375,
    0.01912403106689453,
    0.02020406723022461,
    0.020220279693603516,
    0.02011394500732422
  ],
  "auc_3476_2_L2_1_None_f=43_b=1_bt=qcut_r=L2": [
    47.05357142857143,
    50.47043010752689,
    54.3108504398827,
    57.2434017595308,
    45.416666666666664
  ],
  "delta_3476_2_L2+_1_None_f=43_b=1_bt=qcut_r=L2+": [
    0.025966167449951172,
    0.028270721435546875,
    0.02154064178466797,
    0.027592897415161133,
    0.023421049118041992
  ],
  "auc_3476_2_L2+_1_None_f=43_b=1_bt=qcut_r=L2+": [
    46.75595238095238,
    48.11827956989247,
    56.12903225806453,
    58.41642228739003,
    51.66666666666667
  ],
  "delta_3476_15_L2_1_None_f=43_b=1_bt=qcut_r=L2": [
    0.011519908905029297,
    0.01479792594909668,
    0.015271902084350586,
    0.016002893447875977,
    0.01530003547668457
  ],
  "auc_3476_15_L2_1_None_f=43_b=1_bt=qcut_r=L2": [
    48.839285714285715,
    47.78225806451613,
    51.847507331378296,
    55.718475073313776,
    37.73809523809524
  ],
  "delta_3476_15_L2+_1_None_f=43_b=1_bt=qcut_r=L2+": [
    0.010765790939331055,
    0.015974760055541992,
    0.014009952545166016,
    0.015645980834960938,
    0.015377044677734375
  ],
  "auc_3476_15_L2+_1_None_f=43_b=1_bt=qcut_r=L2+": [
    49.851190476190474,
    48.05107526881721,
    53.020527859237546,
    56.24633431085044,
    42.08333333333334
  ],
  "delta_3476_None_5_None_f=85_b=5_bt=qcut_r=L2": [
    0.16311407089233398,
    0.19374680519104004
  ],
  "auc_3476_None_5_None_f=85_b=5_bt=qcut_r=L2": [
    52.48713550600343,
    60.35879629629629
  ],
  "delta_3476_10_L2_5_None_f=85_b=5_bt=qcut_r=L2": [
    0.07502388954162598,
    0.0697939395904541
  ],
  "auc_3476_10_L2_5_None_f=85_b=5_bt=qcut_r=L2": [
    50.77186963979416,
    65.4513888888889
  ],
  "delta_3476_10_L2+_5_None_f=85_b=5_bt=qcut_r=L2+": [
    0.07412195205688477,
    0.0710439682006836
  ],
  "auc_3476_10_L2+_5_None_f=85_b=5_bt=qcut_r=L2+": [
    51.68667810177244,
    65.56712962962963
  ],
  "delta_3476_2_L2_5_None_f=85_b=5_bt=qcut_r=L2": [
    0.0680701732635498,
    0.08612704277038574
  ],
  "auc_3476_2_L2_5_None_f=85_b=5_bt=qcut_r=L2": [
    51.28644939965695,
    64.00462962962963
  ],
  "delta_3476_2_L2+_5_None_f=85_b=5_bt=qcut_r=L2+": [
    0.07491922378540039,
    0.09430789947509766
  ],
  "auc_3476_2_L2+_5_None_f=85_b=5_bt=qcut_r=L2+": [
    53.34476843910806,
    65.10416666666667
  ],
  "delta_3476_15_L2_5_None_f=85_b=5_bt=qcut_r=L2": [
    0.054895877838134766,
    0.07788491249084473
  ],
  "auc_3476_15_L2_5_None_f=85_b=5_bt=qcut_r=L2": [
    50.08576329331047,
    65.4513888888889
  ],
  "delta_3476_15_L2+_5_None_f=85_b=5_bt=qcut_r=L2+": [
    0.052757978439331055,
    0.07007408142089844
  ],
  "auc_3476_15_L2+_5_None_f=85_b=5_bt=qcut_r=L2+": [
    50.77186963979416,
    65.7986111111111
  ],
  "delta_3476_None_5_None_f=84_b=5_bt=qcut_r=L2": [
    0.3013648986816406,
    0.2439711093902588
  ],
  "auc_3476_None_5_None_f=84_b=5_bt=qcut_r=L2": [
    57.54310344827586,
    51.5
  ],
  "delta_3476_10_L2_5_None_f=84_b=5_bt=qcut_r=L2": [
    0.07352709770202637,
    0.07687592506408691
  ],
  "auc_3476_10_L2_5_None_f=84_b=5_bt=qcut_r=L2": [
    58.4051724137931,
    54.44444444444445
  ],
  "delta_3476_10_L2+_5_None_f=84_b=5_bt=qcut_r=L2+": [
    0.08275818824768066,
    0.07175898551940918
  ],
  "auc_3476_10_L2+_5_None_f=84_b=5_bt=qcut_r=L2+": [
    58.89778325123153,
    54.888888888888886
  ],
  "delta_3476_2_L2_5_None_f=84_b=5_bt=qcut_r=L2": [
    0.09891128540039062,
    0.09967494010925293
  ],
  "auc_3476_2_L2_5_None_f=84_b=5_bt=qcut_r=L2": [
    57.358374384236456,
    49.611111111111114
  ],
  "delta_3476_2_L2+_5_None_f=84_b=5_bt=qcut_r=L2+": [
    0.10842609405517578,
    0.10306620597839355
  ],
  "auc_3476_2_L2+_5_None_f=84_b=5_bt=qcut_r=L2+": [
    58.2204433497537,
    50.611111111111114
  ],
  "delta_3476_15_L2_5_None_f=84_b=5_bt=qcut_r=L2": [
    0.08412694931030273,
    0.07369804382324219
  ],
  "auc_3476_15_L2_5_None_f=84_b=5_bt=qcut_r=L2": [
    57.974137931034484,
    54.0
  ],
  "delta_3476_15_L2+_5_None_f=84_b=5_bt=qcut_r=L2+": [
    0.0736701488494873,
    0.0690619945526123
  ],
  "auc_3476_15_L2+_5_None_f=84_b=5_bt=qcut_r=L2+": [
    58.71305418719213,
    54.94444444444444
  ],
  "delta_3476_None_5_None_f=83_b=5_bt=qcut_r=L2": [
    0.19607186317443848
  ],
  "auc_3476_None_5_None_f=83_b=5_bt=qcut_r=L2": [
    52.258064516129025
  ],
  "delta_3476_10_L2_5_None_f=83_b=5_bt=qcut_r=L2": [
    0.06140422821044922
  ],
  "auc_3476_10_L2_5_None_f=83_b=5_bt=qcut_r=L2": [
    60.82111436950147
  ],
  "delta_3476_10_L2+_5_None_f=83_b=5_bt=qcut_r=L2+": [
    0.08164501190185547
  ],
  "auc_3476_10_L2+_5_None_f=83_b=5_bt=qcut_r=L2+": [
    61.759530791788855
  ],
  "delta_3476_2_L2_5_None_f=83_b=5_bt=qcut_r=L2": [
    0.09828877449035645
  ],
  "auc_3476_2_L2_5_None_f=83_b=5_bt=qcut_r=L2": [
    57.41935483870968
  ],
  "delta_3476_2_L2+_5_None_f=83_b=5_bt=qcut_r=L2+": [
    0.09282898902893066
  ],
  "auc_3476_2_L2+_5_None_f=83_b=5_bt=qcut_r=L2+": [
    60.410557184750736
  ],
  "delta_3476_15_L2_5_None_f=83_b=5_bt=qcut_r=L2": [
    0.0674281120300293
  ],
  "auc_3476_15_L2_5_None_f=83_b=5_bt=qcut_r=L2": [
    61.173020527859244
  ],
  "delta_3476_15_L2+_5_None_f=83_b=5_bt=qcut_r=L2+": [
    0.0816502571105957
  ],
  "auc_3476_15_L2+_5_None_f=83_b=5_bt=qcut_r=L2+": [
    61.64222873900294
  ],
  "delta_3476_None_10_None_f=116_b=10_bt=qcut_r=L2": [
    0.44080495834350586
  ],
  "auc_3476_None_10_None_f=116_b=10_bt=qcut_r=L2": [
    53.01282051282051
  ],
  "delta_3476_10_L2_10_None_f=116_b=10_bt=qcut_r=L2": [
    0.12922906875610352
  ],
  "auc_3476_10_L2_10_None_f=116_b=10_bt=qcut_r=L2": [
    48.84615384615385
  ],
  "delta_3476_10_L2+_10_None_f=116_b=10_bt=qcut_r=L2+": [
    0.1843428611755371
  ],
  "auc_3476_10_L2+_10_None_f=116_b=10_bt=qcut_r=L2+": [
    48.97435897435897
  ],
  "delta_3476_2_L2_10_None_f=116_b=10_bt=qcut_r=L2": [
    0.17420482635498047
  ],
  "auc_3476_2_L2_10_None_f=116_b=10_bt=qcut_r=L2": [
    50.256410256410255
  ]
}