{
  "delta_3476_None_1_None_f=43_b=1_bt=qcut_r=L2": [
    0.0350337028503418,
    0.039047956466674805,
    0.02493906021118164,
    0.05514097213745117,
    0.03506898880004883
  ],
  "auc_3476_None_1_None_f=43_b=1_bt=qcut_r=L2": [
    43.67897727272727,
    51.600753295668554,
    58.166666666666664,
    65.97614563716259,
    60.357142857142854
  ],
  "delta_3476_10_L2_1_None_f=43_b=1_bt=qcut_r=L2": [
    0.016942262649536133,
    0.01592087745666504,
    0.01917576789855957,
    0.020056962966918945,
    0.020714998245239258
  ],
  "auc_3476_10_L2_1_None_f=43_b=1_bt=qcut_r=L2": [
    33.66477272727273,
    40.05021971123666,
    48.94444444444444,
    49.90583804143125,
    54.702380952380956
  ],
  "delta_3476_10_L2+_1_None_f=43_b=1_bt=qcut_r=L2+": [
    0.0245819091796875,
    0.021827220916748047,
    0.03695106506347656,
    0.0209958553314209,
    0.03124690055847168
  ],
  "auc_3476_10_L2+_1_None_f=43_b=1_bt=qcut_r=L2+": [
    47.51420454545455,
    51.53797865662272,
    57.611111111111114,
    53.60954174513496,
    61.845238095238095
  ],
  "delta_3476_2_L2_1_None_f=43_b=1_bt=qcut_r=L2": [
    0.022300004959106445,
    0.017596960067749023,
    0.023675918579101562,
    0.02306079864501953,
    0.026501178741455078
  ],
  "auc_3476_2_L2_1_None_f=43_b=1_bt=qcut_r=L2": [
    37.85511363636364,
    42.812303829252976,
    52.0,
    50.09416195856874,
    55.892857142857146
  ],
  "delta_3476_2_L2+_1_None_f=43_b=1_bt=qcut_r=L2+": [
    0.01791071891784668,
    0.02335500717163086,
    0.02681279182434082,
    0.0199429988861084,
    0.018980979919433594
  ],
  "auc_3476_2_L2+_1_None_f=43_b=1_bt=qcut_r=L2+": [
    48.50852272727273,
    53.10734463276836,
    59.166666666666664,
    55.86942875078469,
    61.845238095238095
  ],
  "delta_3476_15_L2_1_None_f=43_b=1_bt=qcut_r=L2": [
    0.01346278190612793,
    0.021745920181274414,
    0.023355960845947266,
    0.022037982940673828,
    0.014339685440063477
  ],
  "auc_3476_15_L2_1_None_f=43_b=1_bt=qcut_r=L2": [
    31.676136363636363,
    37.978656622724415,
    47.166666666666664,
    48.901443816698055,
    53.988095238095234
  ],
  "delta_3476_15_L2+_1_None_f=43_b=1_bt=qcut_r=L2+": [
    0.018187999725341797,
    0.029918909072875977,
    0.017421960830688477,
    0.027454137802124023,
    0.023540258407592773
  ],
  "auc_3476_15_L2+_1_None_f=43_b=1_bt=qcut_r=L2+": [
    45.66761363636363,
    48.46202134337727,
    56.72222222222222,
    51.663527934714374,
    60.71428571428571
  ],
  "delta_3476_None_5_None_f=83_b=5_bt=qcut_r=L2": [
    0.19004201889038086,
    0.207305908203125
  ],
  "auc_3476_None_5_None_f=83_b=5_bt=qcut_r=L2": [
    57.69489247311829,
    54.74137931034482
  ],
  "delta_3476_10_L2_5_None_f=83_b=5_bt=qcut_r=L2": [
    0.0815732479095459,
    0.06849002838134766
  ],
  "auc_3476_10_L2_5_None_f=83_b=5_bt=qcut_r=L2": [
    56.28360215053764,
    64.77832512315271
  ],
  "delta_3476_10_L2+_5_None_f=83_b=5_bt=qcut_r=L2+": [
    0.0860588550567627,
    0.09341001510620117
  ],
  "auc_3476_10_L2+_5_None_f=83_b=5_bt=qcut_r=L2+": [
    56.1491935483871,
    67.61083743842364
  ],
  "delta_3476_2_L2_5_None_f=83_b=5_bt=qcut_r=L2": [
    0.09219098091125488,
    0.1100778579711914
  ],
  "auc_3476_2_L2_5_None_f=83_b=5_bt=qcut_r=L2": [
    56.552419354838705,
    62.06896551724137
  ],
  "delta_3476_2_L2+_5_None_f=83_b=5_bt=qcut_r=L2+": [
    0.09105110168457031,
    0.051978111267089844
  ],
  "auc_3476_2_L2+_5_None_f=83_b=5_bt=qcut_r=L2+": [
    58.43413978494625,
    64.47044334975368
  ],
  "delta_3476_15_L2_5_None_f=83_b=5_bt=qcut_r=L2": [
    0.07525897026062012,
    0.05208086967468262
  ],
  "auc_3476_15_L2_5_None_f=83_b=5_bt=qcut_r=L2": [
    55.94758064516129,
    65.88669950738915
  ],
  "delta_3476_15_L2+_5_None_f=83_b=5_bt=qcut_r=L2+": [
    0.08018207550048828,
    0.0666360855102539
  ],
  "auc_3476_15_L2+_5_None_f=83_b=5_bt=qcut_r=L2+": [
    55.20833333333333,
    67.48768472906403
  ],
  "delta_3476_None_5_None_f=86_b=5_bt=qcut_r=L2": [
    0.2262740135192871,
    0.22821688652038574
  ],
  "auc_3476_None_5_None_f=86_b=5_bt=qcut_r=L2": [
    63.96735718769616,
    52.590163934426236
  ],
  "delta_3476_10_L2_5_None_f=86_b=5_bt=qcut_r=L2": [
    0.07934188842773438,
    0.08154606819152832
  ],
  "auc_3476_10_L2_5_None_f=86_b=5_bt=qcut_r=L2": [
    55.6811048336472,
    48.72131147540985
  ],
  "delta_3476_10_L2+_5_None_f=86_b=5_bt=qcut_r=L2+": [
    0.0929098129272461,
    0.0985720157623291
  ],
  "auc_3476_10_L2+_5_None_f=86_b=5_bt=qcut_r=L2+": [
    61.330822347771495,
    54.0983606557377
  ],
  "delta_3476_2_L2_5_None_f=86_b=5_bt=qcut_r=L2": [
    0.08784794807434082,
    0.11035799980163574
  ],
  "auc_3476_2_L2_5_None_f=86_b=5_bt=qcut_r=L2": [
    58.129315756434394,
    49.8360655737705
  ],
  "delta_3476_2_L2+_5_None_f=86_b=5_bt=qcut_r=L2+": [
    0.0965569019317627,
    0.09348607063293457
  ],
  "auc_3476_2_L2+_5_None_f=86_b=5_bt=qcut_r=L2+": [
    64.34400502197113,
    53.83606557377048
  ],
  "delta_3476_15_L2_5_None_f=86_b=5_bt=qcut_r=L2": [
    0.07424211502075195,
    0.0594477653503418
  ],
  "auc_3476_15_L2_5_None_f=86_b=5_bt=qcut_r=L2": [
    55.24168236032643,
    49.704918032786885
  ],
  "delta_3476_15_L2+_5_None_f=86_b=5_bt=qcut_r=L2+": [
    0.08656001091003418,
    0.07022786140441895
  ],
  "auc_3476_15_L2+_5_None_f=86_b=5_bt=qcut_r=L2+": [
    60.514752040175765,
    53.049180327868854
  ],
  "delta_3476_None_5_None_f=85_b=5_bt=qcut_r=L2": [
    0.22309136390686035
  ],
  "auc_3476_None_5_None_f=85_b=5_bt=qcut_r=L2": [
    62.613122171945705
  ],
  "delta_3476_10_L2_5_None_f=85_b=5_bt=qcut_r=L2": [
    0.07854318618774414
  ],
  "auc_3476_10_L2_5_None_f=85_b=5_bt=qcut_r=L2": [
    58.93665158371041
  ],
  "delta_3476_10_L2+_5_None_f=85_b=5_bt=qcut_r=L2+": [
    0.08511114120483398
  ],
  "auc_3476_10_L2+_5_None_f=85_b=5_bt=qcut_r=L2+": [
    59.33257918552036
  ],
  "delta_3476_2_L2_5_None_f=85_b=5_bt=qcut_r=L2": [
    0.07685303688049316
  ],
  "auc_3476_2_L2_5_None_f=85_b=5_bt=qcut_r=L2": [
    58.371040723981906
  ],
  "delta_3476_2_L2+_5_None_f=85_b=5_bt=qcut_r=L2+": [
    0.09318900108337402
  ],
  "auc_3476_2_L2+_5_None_f=85_b=5_bt=qcut_r=L2+": [
    60.18099547511312
  ],
  "delta_3476_15_L2_5_None_f=85_b=5_bt=qcut_r=L2": [
    0.05813193321228027
  ],
  "auc_3476_15_L2_5_None_f=85_b=5_bt=qcut_r=L2": [
    58.710407239819006
  ],
  "delta_3476_15_L2+_5_None_f=85_b=5_bt=qcut_r=L2+": [
    0.07040572166442871
  ],
  "auc_3476_15_L2+_5_None_f=85_b=5_bt=qcut_r=L2+": [
    59.21945701357466
  ]
}