{
  "delta_3476_None_1_None_f=43_b=1_bt=qcut_r=L2": [
    0.034806013107299805,
    0.03494882583618164,
    0.04454207420349121,
    0.04097890853881836,
    0.04538273811340332
  ],
  "auc_3476_None_1_None_f=43_b=1_bt=qcut_r=L2": [
    56.71182266009852,
    51.658090337335615,
    66.07142857142857,
    49.772727272727266,
    55.80665411173885
  ],
  "delta_3476_10_L2_1_None_f=43_b=1_bt=qcut_r=L2": [
    0.01806497573852539,
    0.014238834381103516,
    0.014531135559082031,
    0.015545129776000977,
    0.015137910842895508
  ],
  "auc_3476_10_L2_1_None_f=43_b=1_bt=qcut_r=L2": [
    51.78571428571429,
    50.85763293310463,
    56.25,
    37.95454545454545,
    51.72630257376021
  ],
  "delta_3476_10_L2+_1_None_f=43_b=1_bt=qcut_r=L2+": [
    0.019641876220703125,
    0.014796972274780273,
    0.014544963836669922,
    0.014979839324951172,
    0.013663053512573242
  ],
  "auc_3476_10_L2+_1_None_f=43_b=1_bt=qcut_r=L2+": [
    51.66256157635468,
    51.54373927958833,
    61.13095238095239,
    41.28787878787879,
    54.048964218455744
  ],
  "delta_3476_2_L2_1_None_f=43_b=1_bt=qcut_r=L2": [
    0.01612710952758789,
    0.015666723251342773,
    0.01997089385986328,
    0.0229341983795166,
    0.016588211059570312
  ],
  "auc_3476_2_L2_1_None_f=43_b=1_bt=qcut_r=L2": [
    52.27832512315271,
    50.80045740423099,
    60.535714285714285,
    40.45454545454545,
    54.99058380414312
  ],
  "delta_3476_2_L2+_1_None_f=43_b=1_bt=qcut_r=L2+": [
    0.02784895896911621,
    0.015550851821899414,
    0.020326852798461914,
    0.024213314056396484,
    0.02241802215576172
  ],
  "auc_3476_2_L2+_1_None_f=43_b=1_bt=qcut_r=L2+": [
    53.50985221674877,
    50.85763293310463,
    62.976190476190474,
    44.54545454545455,
    51.9774011299435
  ],
  "delta_3476_15_L2_1_None_f=43_b=1_bt=qcut_r=L2": [
    0.019047975540161133,
    0.013068914413452148,
    0.01338505744934082,
    0.013196945190429688,
    0.01699090003967285
  ],
  "auc_3476_15_L2_1_None_f=43_b=1_bt=qcut_r=L2": [
    51.04679802955665,
    51.02915951972555,
    54.40476190476191,
    36.81818181818181,
    52.10295040803514
  ],
  "delta_3476_15_L2+_1_None_f=43_b=1_bt=qcut_r=L2+": [
    0.01802206039428711,
    0.013463020324707031,
    0.014366865158081055,
    0.0149688720703125,
    0.02153491973876953
  ],
  "auc_3476_15_L2+_1_None_f=43_b=1_bt=qcut_r=L2+": [
    51.35467980295567,
    51.257861635220124,
    59.64285714285714,
    39.54545454545455,
    52.730696798493405
  ],
  "delta_3476_None_5_None_f=86_b=5_bt=qcut_r=L2": [
    0.17290496826171875,
    0.18988704681396484
  ],
  "auc_3476_None_5_None_f=86_b=5_bt=qcut_r=L2": [
    49.01477832512315,
    58.1989247311828
  ],
  "delta_3476_10_L2_5_None_f=86_b=5_bt=qcut_r=L2": [
    0.08262872695922852,
    0.06580615043640137
  ],
  "auc_3476_10_L2_5_None_f=86_b=5_bt=qcut_r=L2": [
    52.1551724137931,
    59.005376344086024
  ],
  "delta_3476_10_L2+_5_None_f=86_b=5_bt=qcut_r=L2+": [
    0.07816100120544434,
    0.07881689071655273
  ],
  "auc_3476_10_L2+_5_None_f=86_b=5_bt=qcut_r=L2+": [
    51.9704433497537,
    61.827956989247326
  ],
  "delta_3476_2_L2_5_None_f=86_b=5_bt=qcut_r=L2": [
    0.09694886207580566,
    0.10601091384887695
  ],
  "auc_3476_2_L2_5_None_f=86_b=5_bt=qcut_r=L2": [
    50.92364532019704,
    56.9220430107527
  ],
  "delta_3476_2_L2+_5_None_f=86_b=5_bt=qcut_r=L2+": [
    0.20612096786499023,
    0.09578394889831543
  ],
  "auc_3476_2_L2+_5_None_f=86_b=5_bt=qcut_r=L2+": [
    52.463054187192114,
    62.56720430107527
  ],
  "delta_3476_15_L2_5_None_f=86_b=5_bt=qcut_r=L2": [
    0.0710458755493164,
    0.07716608047485352
  ],
  "auc_3476_15_L2_5_None_f=86_b=5_bt=qcut_r=L2": [
    51.600985221674875,
    59.341397849462375
  ],
  "delta_3476_15_L2+_5_None_f=86_b=5_bt=qcut_r=L2+": [
    0.08355093002319336,
    0.09703397750854492
  ],
  "auc_3476_15_L2+_5_None_f=86_b=5_bt=qcut_r=L2+": [
    51.66256157635468,
    61.693548387096776
  ],
  "delta_3476_None_5_None_f=82_b=5_bt=qcut_r=L2": [
    0.20769882202148438
  ],
  "auc_3476_None_5_None_f=82_b=5_bt=qcut_r=L2": [
    64.2812303829253
  ],
  "delta_3476_10_L2_5_None_f=82_b=5_bt=qcut_r=L2": [
    0.05595207214355469
  ],
  "auc_3476_10_L2_5_None_f=82_b=5_bt=qcut_r=L2": [
    59.32203389830508
  ],
  "delta_3476_10_L2+_5_None_f=82_b=5_bt=qcut_r=L2+": [
    0.06497693061828613
  ],
  "auc_3476_10_L2+_5_None_f=82_b=5_bt=qcut_r=L2+": [
    62.649089767733834
  ],
  "delta_3476_2_L2_5_None_f=82_b=5_bt=qcut_r=L2": [
    0.08352208137512207
  ],
  "auc_3476_2_L2_5_None_f=82_b=5_bt=qcut_r=L2": [
    60.45197740112995
  ],
  "delta_3476_2_L2+_5_None_f=82_b=5_bt=qcut_r=L2+": [
    0.10327577590942383
  ],
  "auc_3476_2_L2+_5_None_f=82_b=5_bt=qcut_r=L2+": [
    66.29001883239172
  ],
  "delta_3476_15_L2_5_None_f=82_b=5_bt=qcut_r=L2": [
    0.06312179565429688
  ],
  "auc_3476_15_L2_5_None_f=82_b=5_bt=qcut_r=L2": [
    57.689893283113626
  ],
  "delta_3476_15_L2+_5_None_f=82_b=5_bt=qcut_r=L2+": [
    0.06672120094299316
  ],
  "auc_3476_15_L2+_5_None_f=82_b=5_bt=qcut_r=L2+": [
    59.57313245448839
  ],
  "delta_3476_None_5_None_f=87_b=5_bt=qcut_r=L2": [
    0.22076702117919922
  ],
  "auc_3476_None_5_None_f=87_b=5_bt=qcut_r=L2": [
    56.372549019607845
  ],
  "delta_3476_10_L2_5_None_f=87_b=5_bt=qcut_r=L2": [
    0.06631922721862793
  ],
  "auc_3476_10_L2_5_None_f=87_b=5_bt=qcut_r=L2": [
    52.20588235294117
  ],
  "delta_3476_10_L2+_5_None_f=87_b=5_bt=qcut_r=L2+": [
    0.06970500946044922
  ],
  "auc_3476_10_L2+_5_None_f=87_b=5_bt=qcut_r=L2+": [
    51.388888888888886
  ],
  "delta_3476_2_L2_5_None_f=87_b=5_bt=qcut_r=L2": [
    0.11150097846984863
  ],
  "auc_3476_2_L2_5_None_f=87_b=5_bt=qcut_r=L2": [
    51.79738562091504
  ],
  "delta_3476_2_L2+_5_None_f=87_b=5_bt=qcut_r=L2+": [
    0.07797408103942871
  ],
  "auc_3476_2_L2+_5_None_f=87_b=5_bt=qcut_r=L2+": [
    52.12418300653595
  ],
  "delta_3476_15_L2_5_None_f=87_b=5_bt=qcut_r=L2": [
    0.06760239601135254
  ],
  "auc_3476_15_L2_5_None_f=87_b=5_bt=qcut_r=L2": [
    50.98039215686274
  ],
  "delta_3476_15_L2+_5_None_f=87_b=5_bt=qcut_r=L2+": [
    0.07830619812011719
  ],
  "auc_3476_15_L2+_5_None_f=87_b=5_bt=qcut_r=L2+": [
    50.81699346405229
  ],
  "delta_3476_None_5_None_f=84_b=5_bt=qcut_r=L2": [
    0.18131709098815918
  ],
  "auc_3476_None_5_None_f=84_b=5_bt=qcut_r=L2": [
    48.42261904761905
  ],
  "delta_3476_10_L2_5_None_f=84_b=5_bt=qcut_r=L2": [
    0.05870532989501953
  ],
  "auc_3476_10_L2_5_None_f=84_b=5_bt=qcut_r=L2": [
    57.11309523809525
  ],
  "delta_3476_10_L2+_5_None_f=84_b=5_bt=qcut_r=L2+": [
    0.06736993789672852
  ],
  "auc_3476_10_L2+_5_None_f=84_b=5_bt=qcut_r=L2+": [
    58.779761904761905
  ],
  "delta_3476_2_L2_5_None_f=84_b=5_bt=qcut_r=L2": [
    0.1003260612487793
  ],
  "auc_3476_2_L2_5_None_f=84_b=5_bt=qcut_r=L2": [
    51.39880952380953
  ],
  "delta_3476_2_L2+_5_None_f=84_b=5_bt=qcut_r=L2+": [
    0.09703397750854492
  ],
  "auc_3476_2_L2+_5_None_f=84_b=5_bt=qcut_r=L2+": [
    55.50595238095237
  ],
  "delta_3476_15_L2_5_None_f=84_b=5_bt=qcut_r=L2": [
    0.0673978328704834
  ],
  "auc_3476_15_L2_5_None_f=84_b=5_bt=qcut_r=L2": [
    58.30357142857143
  ],
  "delta_3476_15_L2+_5_None_f=84_b=5_bt=qcut_r=L2+": [
    0.09447717666625977
  ],
  "auc_3476_15_L2+_5_None_f=84_b=5_bt=qcut_r=L2+": [
    59.49404761904762
  ],
  "delta_3476_None_10_None_f=106_b=10_bt=qcut_r=L2": [
    0.30767178535461426
  ],
  "auc_3476_None_10_None_f=106_b=10_bt=qcut_r=L2": [
    70.02262443438913
  ],
  "delta_3476_10_L2_10_None_f=106_b=10_bt=qcut_r=L2": [
    0.06986594200134277
  ],
  "auc_3476_10_L2_10_None_f=106_b=10_bt=qcut_r=L2": [
    62.89592760180995
  ],
  "delta_3476_10_L2+_10_None_f=106_b=10_bt=qcut_r=L2+": [
    0.10111570358276367
  ],
  "auc_3476_10_L2+_10_None_f=106_b=10_bt=qcut_r=L2+": [
    66.11990950226244
  ],
  "delta_3476_2_L2_10_None_f=106_b=10_bt=qcut_r=L2": [
    0.11539673805236816
  ],
  "auc_3476_2_L2_10_None_f=106_b=10_bt=qcut_r=L2": [
    60.40723981900452
  ],