{
  "delta_3476_None_1_None_f=42_b=1_bt=qcut_r=L2": [
    0.18777990341186523
  ],
  "auc_3476_None_1_None_f=42_b=1_bt=qcut_r=L2": [
    59.40188870849068
  ],
  "delta_3476_10_L2_1_None_f=42_b=1_bt=qcut_r=L2": [
    0.07059788703918457
  ],
  "auc_3476_10_L2_1_None_f=42_b=1_bt=qcut_r=L2": [
    57.44750716018754
  ]
}