{
	"delta_3427_None_50_None_f=262_b=50_bt=qcut_r=L2": [288.03967094421387],
	"auc_3427_None_50_None_f=262_b=50_bt=qcut_r=L2": [66.05185276125832],
	"delta_3427_10_L2_50_None_f=262_b=50_bt=qcut_r=L2": [331.2364778518677],
	"auc_3427_10_L2_50_None_f=262_b=50_bt=qcut_r=L2": [69.60159191600097],
	"delta_3427_10_L2+_50_None_f=262_b=50_bt=qcut_r=L2+": [339.071652173996],
	"auc_3427_10_L2+_50_None_f=262_b=50_bt=qcut_r=L2+": [68.33218605600973],
	"delta_3427_2_L2_50_None_f=262_b=50_bt=qcut_r=L2": [324.72392535209656],
	"auc_3427_2_L2_50_None_f=262_b=50_bt=qcut_r=L2": [66.17720833324427],
	"delta_3427_2_L2+_50_None_f=262_b=50_bt=qcut_r=L2+": [325.68581080436707],
	"auc_3427_2_L2+_50_None_f=262_b=50_bt=qcut_r=L2+": [66.16937997244703],
	"delta_3427_None_150_None_f=354_b=150_bt=qcut_r=L2": [357.54568219184875],
	"auc_3427_None_150_None_f=354_b=150_bt=qcut_r=L2": [70.49187962811112],
	"delta_3427_10_L2_150_None_f=354_b=150_bt=qcut_r=L2": [400.7515399456024],
	"auc_3427_10_L2_150_None_f=354_b=150_bt=qcut_r=L2": [70.84634963739624],
	"delta_3427_10_L2+_150_None_f=354_b=150_bt=qcut_r=L2+": [431.38006806373596],
	"auc_3427_10_L2+_150_None_f=354_b=150_bt=qcut_r=L2+": [70.82831081381664],
	"delta_3427_2_L2_150_None_f=354_b=150_bt=qcut_r=L2": [421.43806076049805],
	"auc_3427_2_L2_150_None_f=354_b=150_bt=qcut_r=L2": [71.27316326957546],
	"delta_3427_2_L2+_150_None_f=354_b=150_bt=qcut_r=L2+": [453.19021582603455],
	"auc_3427_2_L2+_150_None_f=354_b=150_bt=qcut_r=L2+": [71.77916652287526],
	"delta_3427_None_150_None_f=358_b=150_bt=qcut_r=L2": [314.62280797958374],
	"auc_3427_None_150_None_f=358_b=150_bt=qcut_r=L2": [65.20480172716645],
	"delta_3427_10_L2_150_None_f=358_b=150_bt=qcut_r=L2": [515.0112068653107],
	"auc_3427_10_L2_150_None_f=358_b=150_bt=qcut_r=L2": [67.22855515232882],
	"delta_3427_10_L2+_150_None_f=358_b=150_bt=qcut_r=L2+": [529.7150037288666],
	"auc_3427_10_L2+_150_None_f=358_b=150_bt=qcut_r=L2+": [67.85442699911037],
	"delta_3427_2_L2_150_None_f=358_b=150_bt=qcut_r=L2": [315.00836086273193],
	"auc_3427_2_L2_150_None_f=358_b=150_bt=qcut_r=L2": [65.23413517532933],
	"delta_3427_2_L2+_150_None_f=358_b=150_bt=qcut_r=L2+": [314.2389597892761],
	"auc_3427_2_L2+_150_None_f=358_b=150_bt=qcut_r=L2+": [65.22141027156268],
	"delta_3427_None_150_None_f=357_b=150_bt=qcut_r=L2": [636.8844449520111],
	"auc_3427_None_150_None_f=357_b=150_bt=qcut_r=L2": [65.54158666519669],
	"delta_3427_10_L2_150_None_f=357_b=150_bt=qcut_r=L2": [752.9611041545868],
	"auc_3427_10_L2_150_None_f=357_b=150_bt=qcut_r=L2": [69.50111862084032],
	"delta_3427_10_L2+_150_None_f=357_b=150_bt=qcut_r=L2+": [768.3082780838013],
	"auc_3427_10_L2+_150_None_f=357_b=150_bt=qcut_r=L2+": [69.02612341303907],
	"delta_3427_2_L2_150_None_f=357_b=150_bt=qcut_r=L2": [648.5913510322571],
	"auc_3427_2_L2_150_None_f=357_b=150_bt=qcut_r=L2": [69.02386347013012],
	"delta_3427_2_L2+_150_None_f=357_b=150_bt=qcut_r=L2+": [687.7856068611145],
	"auc_3427_2_L2+_150_None_f=357_b=150_bt=qcut_r=L2+": [68.81581638350703],
	"delta_3427_None_150_None_f=350_b=150_bt=qcut_r=L2": [674.0429241657257, 723.9630930423737],
	"auc_3427_None_150_None_f=350_b=150_bt=qcut_r=L2": [69.94834808862275, 69.55427308885433],
	"delta_3427_10_L2_150_None_f=350_b=150_bt=qcut_r=L2": [723.6989302635193, 738.1819448471069],
	"auc_3427_10_L2_150_None_f=350_b=150_bt=qcut_r=L2": [70.81359064513939, 70.04386121629517],
	"delta_3427_10_L2+_150_None_f=350_b=150_bt=qcut_r=L2+": [691.2381789684296, 722.9008448123932],
	"auc_3427_10_L2+_150_None_f=350_b=150_bt=qcut_r=L2+": [70.0522291130121, 70.04596846035892],
	"delta_3427_2_L2_150_None_f=350_b=150_bt=qcut_r=L2": [689.9658839702606, 705.4585208892822],
	"auc_3427_2_L2_150_None_f=350_b=150_bt=qcut_r=L2": [70.30494061185613, 69.9443371989555],
	"delta_3427_2_L2+_150_None_f=350_b=150_bt=qcut_r=L2+": [691.4563839435577, 722.6814529895782],
	"auc_3427_2_L2+_150_None_f=350_b=150_bt=qcut_r=L2+": [70.4582960620902, 69.98065407430549],
	"delta_3427_None_300_None_f=481_b=300_bt=qcut_r=L2": [726.8105328083038],
	"auc_3427_None_300_None_f=481_b=300_bt=qcut_r=L2": [68.5693808072007],
	"delta_3427_10_L2_300_None_f=481_b=300_bt=qcut_r=L2": [859.2278962135315],
	"auc_3427_10_L2_300_None_f=481_b=300_bt=qcut_r=L2": [70.12445566679158],
	"delta_3427_10_L2+_300_None_f=481_b=300_bt=qcut_r=L2+": [848.7005188465118],
	"auc_3427_10_L2+_300_None_f=481_b=300_bt=qcut_r=L2+": [69.38169285400961],
	"delta_3427_2_L2_300_None_f=481_b=300_bt=qcut_r=L2": [815.2084469795227],
	"auc_3427_2_L2_300_None_f=481_b=300_bt=qcut_r=L2": [70.05247852112593],
	"delta_3427_2_L2+_300_None_f=481_b=300_bt=qcut_r=L2+": [816.7215359210968],
	"auc_3427_2_L2+_300_None_f=481_b=300_bt=qcut_r=L2+": [69.96287992872425],
	"delta_3427_None_300_None_f=479_b=300_bt=qcut_r=L2": [690.2842469215393],
	"auc_3427_None_300_None_f=479_b=300_bt=qcut_r=L2": [68.87292320663096],
	"delta_3427_10_L2_300_None_f=479_b=300_bt=qcut_r=L2": [752.8278357982635],
	"auc_3427_10_L2_300_None_f=479_b=300_bt=qcut_r=L2": [70.91545349979137],
	"delta_3427_10_L2+_300_None_f=479_b=300_bt=qcut_r=L2+": [771.6001949310303],
	"auc_3427_10_L2+_300_None_f=479_b=300_bt=qcut_r=L2+": [70.51359085891777],
	"delta_3427_2_L2_300_None_f=479_b=300_bt=qcut_r=L2": [946.9443969726562],
	"auc_3427_2_L2_300_None_f=479_b=300_bt=qcut_r=L2": [70.44593509057128],
	"delta_3427_2_L2+_300_None_f=479_b=300_bt=qcut_r=L2+": [788.6062090396881],
	"auc_3427_2_L2+_300_None_f=479_b=300_bt=qcut_r=L2+": [70.52509417192282],
	"delta_3427_None_300_None_f=474_b=300_bt=qcut_r=L2": [918.967530965805],
	"auc_3427_None_300_None_f=474_b=300_bt=qcut_r=L2": [60.284386838296086],
	"delta_3427_10_L2_300_None_f=474_b=300_bt=qcut_r=L2": [892.2802321910858],
	"auc_3427_10_L2_300_None_f=474_b=300_bt=qcut_r=L2": [61.31782208283872],
	"delta_3427_10_L2+_300_None_f=474_b=300_bt=qcut_r=L2+": [984.7604339122772],
	"auc_3427_10_L2+_300_None_f=474_b=300_bt=qcut_r=L2+": [61.000839640050145],
	"delta_3427_2_L2_300_None_f=474_b=300_bt=qcut_r=L2": [906.372260093689],
	"auc_3427_2_L2_300_None_f=474_b=300_bt=qcut_r=L2": [60.50820771562832],
	"delta_3427_2_L2+_300_None_f=474_b=300_bt=qcut_r=L2+": [838.9482276439667],
	"auc_3427_2_L2+_300_None_f=474_b=300_bt=qcut_r=L2+": [60.384318052556296],
	"delta_3427_None_300_None_f=464_b=300_bt=qcut_r=L2": [592.3991649150848],
	"auc_3427_None_300_None_f=464_b=300_bt=qcut_r=L2": [69.22269009148391],
	"delta_3427_10_L2_300_None_f=464_b=300_bt=qcut_r=L2": [871.794361114502],
	"auc_3427_10_L2_300_None_f=464_b=300_bt=qcut_r=L2": [70.17248199858763],
	"delta_3427_10_L2+_300_None_f=464_b=300_bt=qcut_r=L2+": [897.5389130115509],
	"auc_3427_10_L2+_300_None_f=464_b=300_bt=qcut_r=L2+": [70.72413711664063],
	"delta_3427_2_L2_300_None_f=464_b=300_bt=qcut_r=L2": [732.5801057815552],
	"auc_3427_2_L2_300_None_f=464_b=300_bt=qcut_r=L2": [69.71303662318921],
	"delta_3427_2_L2+_300_None_f=464_b=300_bt=qcut_r=L2+": [899.686457157135],
	"auc_3427_2_L2+_300_None_f=464_b=300_bt=qcut_r=L2+": [70.2308689470305],
	"delta_3427_None_300_None_f=467_b=300_bt=qcut_r=L2": [984.9518811702728],
	"auc_3427_None_300_None_f=467_b=300_bt=qcut_r=L2": [57.88022496001071],
	"delta_3427_10_L2_300_None_f=467_b=300_bt=qcut_r=L2": [984.8206191062927],
	"auc_3427_10_L2_300_None_f=467_b=300_bt=qcut_r=L2": [58.922654166535594],
	"delta_3427_10_L2+_300_None_f=467_b=300_bt=qcut_r=L2+": [988.650486946106],
	"auc_3427_10_L2+_300_None_f=467_b=300_bt=qcut_r=L2+": [59.20466348381195],
	"delta_3427_2_L2_300_None_f=467_b=300_bt=qcut_r=L2": [684.554869890213],
	"auc_3427_2_L2_300_None_f=467_b=300_bt=qcut_r=L2": [57.87642784872675],
	"delta_3427_2_L2+_300_None_f=467_b=300_bt=qcut_r=L2+": [946.8623650074005],
	"auc_3427_2_L2+_300_None_f=467_b=300_bt=qcut_r=L2+": [57.92891044182189]
}