{
	"delta_1458_None_1_None_f=42_b=1_bt=qcut_r=L2": [2.2239291667938232, 1.4486219882965088, 1.0528640747070312, 0.9650790691375732, 2.4839279651641846],
	"auc_1458_None_1_None_f=42_b=1_bt=qcut_r=L2": [61.083454201554176, 57.788653372689346, 60.162670564778686, 60.19269306190612, 60.94966879843351],
	"delta_1458_10_L2_1_None_f=42_b=1_bt=qcut_r=L2": [0.9930970668792725, 1.0282223224639893, 1.1641771793365479, 0.9727098941802979, 1.0221869945526123],
	"auc_1458_10_L2_1_None_f=42_b=1_bt=qcut_r=L2": [59.808381088259445, 59.621709585810855, 59.89025976426194, 59.8455340469271, 58.59662280869418],
	"delta_1458_10_L2+_1_None_f=42_b=1_bt=qcut_r=L2+": [1.007457971572876, 1.0582630634307861, 1.0197951793670654, 0.9955649375915527, 1.0687627792358398],
	"auc_1458_10_L2+_1_None_f=42_b=1_bt=qcut_r=L2+": [59.972353270297575, 59.77159144508898, 60.078115991157844, 60.0790163817378, 58.76874589492979],
	"delta_1458_2_L2_1_None_f=42_b=1_bt=qcut_r=L2": [1.5877041816711426, 1.0389959812164307, 0.9762520790100098, 1.1905772686004639, 1.446098804473877],
	"auc_1458_2_L2_1_None_f=42_b=1_bt=qcut_r=L2": [57.83197005774821, 59.821646842804135, 60.124367633580846, 60.14045777120791, 57.44562667658255],
	"delta_1458_2_L2+_1_None_f=42_b=1_bt=qcut_r=L2+": [1.535447120666504, 1.4916982650756836, 0.9733140468597412, 1.2301397323608398, 1.4547770023345947],
	"auc_1458_2_L2+_1_None_f=42_b=1_bt=qcut_r=L2+": [57.76697133567098, 57.893837948019346, 60.146691001433354, 60.17125428830759, 57.37708957748935],
	"delta_1458_15_L2_1_None_f=42_b=1_bt=qcut_r=L2": [1.005255937576294, 1.0417790412902832, 0.9968819618225098, 0.9991412162780762, 0.9629321098327637],
	"auc_1458_15_L2_1_None_f=42_b=1_bt=qcut_r=L2": [59.60284561334448, 59.44077846821764, 59.68699896028582, 59.60431151239396, 58.39460675520402],
	"delta_1458_15_L2+_1_None_f=42_b=1_bt=qcut_r=L2+": [1.0162642002105713, 0.9658858776092529, 0.9651951789855957, 0.9881329536437988, 1.0072507858276367],
	"auc_1458_15_L2+_1_None_f=42_b=1_bt=qcut_r=L2+": [59.920061112825884, 59.72579473685374, 60.032622572381136, 60.02033619004623, 58.71968882501557],
	"delta_1458_None_5_None_f=84_b=5_bt=qcut_r=L2": [7.389750242233276, 9.18506383895874, 8.918477058410645, 8.21498703956604, 9.808054208755493],
	"auc_1458_None_5_None_f=84_b=5_bt=qcut_r=L2": [62.3541675288828, 63.090658589899896, 61.69273744958208, 62.620954837356294, 63.625361064520725],
	"delta_1458_10_L2_5_None_f=84_b=5_bt=qcut_r=L2": [6.811967134475708, 8.699044942855835, 8.217822313308716, 8.7756028175354, 9.492157220840454],
	"auc_1458_10_L2_5_None_f=84_b=5_bt=qcut_r=L2": [62.34573860934833, 63.636421651960816, 62.05763257935363, 62.913907180156784, 63.623901484001635],
	"delta_1458_10_L2+_5_None_f=84_b=5_bt=qcut_r=L2+": [6.937026023864746, 9.295801877975464, 8.678362846374512, 8.377431869506836, 9.625679016113281],
	"auc_1458_10_L2+_5_None_f=84_b=5_bt=qcut_r=L2+": [62.52541233939481, 63.23542875809601, 62.795112490376084, 62.75765624224993, 63.989851808347595],
	"delta_1458_2_L2_5_None_f=84_b=5_bt=qcut_r=L2": [8.062678098678589, 9.528745889663696, 8.853439092636108, 8.349940299987793, 9.263699054718018],
	"auc_1458_2_L2_5_None_f=84_b=5_bt=qcut_r=L2": [62.365243912648836, 63.2034569943446, 61.73402904565233, 62.680216333843354, 63.72856162130962],
	"delta_1458_2_L2+_5_None_f=84_b=5_bt=qcut_r=L2+": [8.286948204040527, 9.2530677318573, 8.968406915664673, 8.20453405380249, 9.550236940383911],
	"auc_1458_2_L2+_5_None_f=84_b=5_bt=qcut_r=L2+": [62.39016419648986, 63.13780114510726, 61.7558027013613, 62.69004796712342, 63.74970342398003],
	"delta_1458_15_L2_5_None_f=84_b=5_bt=qcut_r=L2": [9.851736068725586, 9.707127094268799, 9.365997076034546, 9.18162202835083, 10.223037958145142],
	"auc_1458_15_L2_5_None_f=84_b=5_bt=qcut_r=L2": [62.51424117767297, 63.36260813769847, 62.89397853532043, 63.102193067118904, 64.07816590754788],
	"delta_1458_15_L2+_5_None_f=84_b=5_bt=qcut_r=L2+": [9.777285099029541, 9.337131023406982, 9.395495176315308, 8.087969064712524, 10.440025806427002],
	"auc_1458_15_L2+_5_None_f=84_b=5_bt=qcut_r=L2+": [62.53858647524889, 63.375908644160276, 63.64426610743461, 62.621024341190534, 64.00400531641147],
	"delta_1458_None_10_None_f=115_b=10_bt=qcut_r=L2": [16.684861183166504, 16.424888849258423, 18.13622522354126],
	"auc_1458_None_10_None_f=115_b=10_bt=qcut_r=L2": [63.68252796818494, 63.58316275934013, 63.766798207938415],
	"delta_1458_10_L2_10_None_f=115_b=10_bt=qcut_r=L2": [22.90949296951294, 25.216939687728882, 23.110108137130737],
	"auc_1458_10_L2_10_None_f=115_b=10_bt=qcut_r=L2": [63.741258708119595, 63.26051332372706, 63.01917073711659],
	"delta_1458_10_L2+_10_None_f=115_b=10_bt=qcut_r=L2+": [21.93364715576172, 24.632241010665894, 29.392812967300415],
	"auc_1458_10_L2+_10_None_f=115_b=10_bt=qcut_r=L2+": [63.765262805054704, 63.33287945223396, 62.75897997436572],
	"delta_1458_2_L2_10_None_f=115_b=10_bt=qcut_r=L2": [16.41874384880066, 17.430768966674805, 17.132787942886353],
	"auc_1458_2_L2_10_None_f=115_b=10_bt=qcut_r=L2": [63.736481899148046, 63.616391910638285, 63.805966777799085],
	"delta_1458_2_L2+_10_None_f=115_b=10_bt=qcut_r=L2+": [18.342023372650146, 16.84532403945923, 16.5752010345459],
	"auc_1458_2_L2+_10_None_f=115_b=10_bt=qcut_r=L2+": [63.736646180938074, 63.61064204798734, 63.799092216739496],
	"delta_1458_15_L2_10_None_f=115_b=10_bt=qcut_r=L2": [22.221302032470703, 22.42224884033203, 22.772918701171875],
	"auc_1458_15_L2_10_None_f=115_b=10_bt=qcut_r=L2": [63.12908789170544, 62.6156188384456, 62.63661531491713],
	"delta_1458_15_L2+_10_None_f=115_b=10_bt=qcut_r=L2+": [23.194435119628906, 20.53337287902832, 28.21965003013611],
	"auc_1458_15_L2+_10_None_f=115_b=10_bt=qcut_r=L2+": [63.40319205836553, 63.98648719091724, 62.85384007104555],
	"delta_1458_None_10_None_f=117_b=10_bt=qcut_r=L2": [18.21485161781311],
	"auc_1458_None_10_None_f=117_b=10_bt=qcut_r=L2": [63.96116883966192],
	"delta_1458_10_L2_10_None_f=117_b=10_bt=qcut_r=L2": [26.975033283233643],
	"auc_1458_10_L2_10_None_f=117_b=10_bt=qcut_r=L2": [63.331830576189944],
	"delta_1458_10_L2+_10_None_f=117_b=10_bt=qcut_r=L2+": [31.09332776069641],
	"auc_1458_10_L2+_10_None_f=117_b=10_bt=qcut_r=L2+": [64.13780967512328],
	"delta_1458_2_L2_10_None_f=117_b=10_bt=qcut_r=L2": [18.431532859802246],
	"auc_1458_2_L2_10_None_f=117_b=10_bt=qcut_r=L2": [64.01260799553154],
	"delta_1458_2_L2+_10_None_f=117_b=10_bt=qcut_r=L2+": [19.77790379524231],
	"auc_1458_2_L2+_10_None_f=117_b=10_bt=qcut_r=L2+": [63.875495886162824],
	"delta_1458_15_L2_10_None_f=117_b=10_bt=qcut_r=L2": [21.618077754974365],
	"auc_1458_15_L2_10_None_f=117_b=10_bt=qcut_r=L2": [59.568381189355925],
	"delta_1458_15_L2+_10_None_f=117_b=10_bt=qcut_r=L2+": [27.624388933181763],
	"auc_1458_15_L2+_10_None_f=117_b=10_bt=qcut_r=L2+": [63.38932920269939],
	"delta_1458_None_10_None_f=116_b=10_bt=qcut_r=L2": [17.644674062728882],
	"auc_1458_None_10_None_f=116_b=10_bt=qcut_r=L2": [63.350492355683976],
	"delta_1458_10_L2_10_None_f=116_b=10_bt=qcut_r=L2": [22.55861806869507],
	"auc_1458_10_L2_10_None_f=116_b=10_bt=qcut_r=L2": [63.35527548318591],
	"delta_1458_10_L2+_10_None_f=116_b=10_bt=qcut_r=L2+": [22.328408002853394],
	"auc_1458_10_L2+_10_None_f=116_b=10_bt=qcut_r=L2+": [63.56856379488407],
	"delta_1458_2_L2_10_None_f=116_b=10_bt=qcut_r=L2": [17.315984964370728],
	"auc_1458_2_L2_10_None_f=116_b=10_bt=qcut_r=L2": [63.433486252299545],
	"delta_1458_2_L2+_10_None_f=116_b=10_bt=qcut_r=L2+": [17.011033058166504],
	"auc_1458_2_L2+_10_None_f=116_b=10_bt=qcut_r=L2+": [63.42988468997973],
	"delta_1458_15_L2_10_None_f=116_b=10_bt=qcut_r=L2": [22.454532861709595],
	"auc_1458_15_L2_10_None_f=116_b=10_bt=qcut_r=L2": [63.102749097792845],
	"delta_1458_15_L2+_10_None_f=116_b=10_bt=qcut_r=L2+": [24.202202081680298],
	"auc_1458_15_L2+_10_None_f=116_b=10_bt=qcut_r=L2+": [63.298389754123875],
	"delta_1458_None_50_None_f=226_b=50_bt=qcut_r=L2": [88.08545994758606, 107.57305073738098],
	"auc_1458_None_50_None_f=226_b=50_bt=qcut_r=L2": [63.148719565613675, 63.161571456418095],